DIST,Predicted_Avg_Above_Avg_2025,Trend_Slope,R2_Score,Predicted_max_monsoon_2025,Trend_Slope_2,R2_Score_2
Adilabad,286.3144318,0.24621563,0.014159693,436.4301052,0.58949596,0.02755146
Agra,170.8472277,-0.306709713,0.021990788,268.3982462,-0.149104423,0.003270636
Ahmadabad,194.8069397,-0.109194132,0.001378357,318.9744745,0.132000379,0.000823552
Ahmadnagar,151.5355896,0.328378118,0.028160375,223.7889353,0.338265132,0.017274081
Aizawl,369.5109558,-0.633678265,0.056390612,527.5930627,-0.643647865,0.023220132
Ajmer,129.1936023,-0.333058891,0.037089711,220.6304419,-0.23389727,0.007562045
Akola,187.8443625,0.060152519,0.001885139,281.1541763,0.106606376,0.002276249
Aligarh,195.3864566,0.042633777,0.000490721,307.5398784,0.327880723,0.015755572
Allahabad,199.2455505,-0.619774808,0.07152619,295.9922085,-0.806609043,0.058119611
Alleppey,413.0017611,-0.894801005,0.079094018,582.1123874,-1.850710427,0.118259256
Almora,254.9050375,-0.481091654,0.039952083,373.7254553,-0.665493092,0.044425352
Alwar,163.6096544,-0.043326538,0.000493538,251.3740138,0.075956581,0.000876147
Ambala,303.2999098,0.747561375,0.072236938,452.9692062,1.040443649,0.072780447
Ambedkar Nagar,272.254722,0.044202539,0.000384654,426.4764372,0.268080031,0.004121725
Amravati,214.2895135,0.009717396,3.48E-05,336.0285338,0.183922259,0.004950359
Amreli,187.1531917,0.189101969,0.005829023,297.6771216,0.479158537,0.013418777
Amritsar,166.4007516,0.133080929,0.004969889,262.862291,0.34966662,0.014125075
Anand,245.9076568,-0.003316925,9.26E-07,387.5053919,0.112883439,0.000426271
Anantapur,109.4739028,0.044459364,0.001747111,163.8141514,-0.086122827,0.002656656
Anantnag (Kashmir South),166.1481816,0.147610188,0.009443544,258.3690129,0.339555829,0.016575822
Anugul,279.7285166,0.063294595,0.001496531,408.4729466,-0.005611602,3.39E-06
Araria,325.3913078,-0.452460253,0.031183389,497.2669159,-0.737479204,0.024885995
Ariyalur,221.1161058,-0.041776447,0.000271361,372.2292145,0.069671222,0.000208885
Auraiya,173.5425086,-0.404219233,0.039427502,261.7009183,-0.51609863,0.032101899
Aurangabad,157.3995228,0.030521454,0.000483123,229.1832914,-0.057186585,0.000472979
Aurangabad2,210.6408917,-0.74856708,0.126107832,307.7421035,-1.188499961,0.112103686
Azamgarh,224.617455,-0.336842697,0.031490472,342.7961587,-0.423374825,0.015468551
Bagalkot,111.3744554,0.049652929,0.002532378,187.656886,0.140586676,0.006147547
Bagdam,121.0152968,0.091920226,0.008352614,185.2996351,0.268803864,0.0231969
Bageshwar,341.8593764,-0.269410988,0.005852759,503.6945536,-0.281495045,0.003165017
Baghpat,211.0601153,0.212157048,0.007419542,330.792276,0.480850151,0.018638986
Bahraich,263.333096,-0.047876767,0.000440039,411.3486001,0.100137086,0.000722399
Balaghat,286.8729619,-0.342256499,0.025651688,415.7292314,-0.67234026,0.042228945
Balangir,313.8616636,-0.167703225,0.004028002,462.5001713,-0.335508017,0.00653658
Baleshwar,327.2422689,0.446245333,0.044978495,481.4579528,0.62231702,0.028684185
Ballia,225.5973179,-0.311337711,0.026539204,346.2709967,-0.290069322,0.008167313
Balrampur,241.8064334,-0.607803403,0.051244007,375.8297722,-0.84412761,0.03400178
Banas Kantha,162.9872492,-0.652960705,0.03189194,262.0849653,-0.859896863,0.024882058
Banda,180.1237687,-0.828333505,0.121879279,277.3541992,-0.994204783,0.081800879
Bangalore Rural,135.5807585,0.024795728,0.000641912,208.879258,-0.006509137,1.33E-05
Bangalore Urban,128.5049828,-0.111308611,0.008982565,198.988762,-0.1484528,0.005531364
Banka,235.1266387,-0.00895981,3.23E-05,380.6036379,0.351574901,0.015874734
Bankura,271.7372715,0.240413925,0.019699499,390.1486187,0.194975498,0.00365469
Banswara,279.6089708,0.167053323,0.002525255,432.4075455,0.372969952,0.00559573
Barabanki,225.6932991,-0.41262277,0.028212038,337.9734877,-0.667513226,0.028642433
Baramula (Kashmir North),114.5705787,-0.561969835,0.132090735,178.0155149,-0.648913392,0.062979865
Baran,221.2283759,-0.540119974,0.03667954,356.9942267,-0.570481211,0.016346324
Barddhaman,252.4839766,0.10313379,0.003545643,373.1052069,0.119651918,0.001531967
Bareilly,202.7537617,-0.88910932,0.106866183,311.5729463,-1.100698776,0.083896042
Bargarth,328.1710329,-0.365954422,0.016250369,486.3164138,-0.610764544,0.017126222
Barmer,96.13971949,0.011398686,2.88E-05,154.6618761,0.155631845,0.003023206
Barpeta,370.7094729,0.083179934,0.001517681,561.0171693,0.134897087,0.001457258
Barwani,199.8398426,0.293816539,0.030578392,294.7601828,0.403808069,0.027186447
Bastar (Jagdalpur),291.1676413,-0.489116059,0.050629425,428.3823285,-0.614873338,0.03569271
Basti,265.5439352,-0.329129252,0.016157811,399.2874903,-0.46174418,0.011040636
Bathinda,105.3730867,0.026058609,0.000252003,168.2255648,0.063382161,0.000488887
Baudh,277.877625,-0.291145835,0.020804665,426.5027061,-0.460479146,0.012455458
Beed,169.5362085,0.138205298,0.009876728,262.3595678,0.213463176,0.008017127
Begusarai,236.2615404,-0.090027687,0.002234354,373.6162729,0.095187849,0.000786574
Belgaum,184.5042916,0.386797049,0.068311347,261.521036,0.412805353,0.026580521
Bellary,101.6270232,-0.005845056,4.88E-05,155.7406826,-0.112346213,0.005220271
Betul,262.0377154,0.143440877,0.004763824,412.749795,0.516400829,0.023280391
Bhabhua,218.6427569,-0.604437714,0.08563471,313.4385491,-1.101025233,0.115513043
Bhadrak,293.0910548,-0.105766476,0.001806872,442.3149264,-0.130614726,0.000987282
Bhagalpur,321.5282645,0.730851451,0.109732693,484.6216712,1.214512201,0.127159005
Bhandara,298.2036144,-0.624722002,0.058096923,440.8489326,-0.975859313,0.058989073
Bharatpur,150.9838561,-0.36415684,0.02757886,237.9347955,-0.34362503,0.014294738
Bharuch,260.3999311,0.036231101,0.000192545,407.4664717,0.130144453,0.000913594
Bhavnagar,168.3020232,0.019813717,7.47E-05,260.2382274,0.113490439,0.001135663
Bhilwara,185.7385804,-0.115396655,0.002482069,310.8023021,0.14785849,0.001877162
Bhind,176.6818388,-0.334548557,0.022646282,275.8211391,-0.35859155,0.014618035
Bhiwani,120.0708759,0.094397535,0.003750329,188.1300511,0.131716729,0.00322459
Bhojpur,231.3476694,-0.077746119,0.001534249,353.3080479,-0.029039684,7.83E-05
Bhopal,323.7220368,0.168722212,0.003527695,494.373704,0.179271373,0.001941035
Bidar,172.4402698,-0.143379558,0.007971972,266.2046746,-0.20955567,0.005836843
Bijapur,125.53099,0.108157641,0.009261109,201.9880953,0.209183486,0.010076738
Bijnor,266.6123305,-0.384451756,0.024137238,388.7772306,-0.553745945,0.023694302
Bikaner,73.68219127,0.020954482,0.000336889,117.7250773,0.030345189,0.00028591
Bilaspur,231.3518412,-0.185085985,0.007650197,350.8150894,-0.389503356,0.013230973
Bilaspur2,300.6334857,-0.368284281,0.031715314,425.5961332,-0.57602665,0.030564178
Birbhum (Situri),271.1547263,0.230340436,0.01865503,403.8829063,0.375247525,0.013586006
Bishnupur,266.2415143,0.363767159,0.030569838,381.5676779,0.35644627,0.011744746
Bokaro,277.056509,0.060447076,0.001033679,391.3936354,0.050476656,0.00032272
Bongaigaon,475.3242926,0.380901858,0.020934889,768.9326544,1.255995399,0.060862687
Budaun,213.8344052,-0.123117793,0.003079239,327.8139059,-0.011314647,1.29E-05
Bulandshahr,203.0275988,0.135767723,0.004300118,318.5747222,0.432819473,0.02361457
Buldana,190.6045945,0.120565105,0.005968176,279.4704622,0.181024889,0.005673238
Bundi,188.2584697,-0.426915756,0.026436407,302.0257922,-0.394764319,0.010590502
Buxar,225.8703995,-0.234254243,0.019379344,341.0436489,-0.32972435,0.014034448
Cachar,407.5045191,-0.020918034,8.37E-05,571.5891194,-0.04331978,0.000115461
Calcutta,332.4944468,0.733282493,0.085685489,497.2933062,1.150698318,0.064557211
Central,196.8248902,0.272384272,0.01460297,310.8572283,0.512632503,0.022484034
Chamarajanagar,135.4220482,-0.032820128,0.000930655,213.2254814,0.038904584,0.00044914
Chamba,195.0585593,-2.568037452,0.284526562,310.614041,-3.333473624,0.281658885
Chamoli,257.8197138,0.515745437,0.06270367,372.4130556,0.689211995,0.05680762
Champawat,340.2468448,0.316376022,0.010727805,509.155209,0.52737953,0.016177203
Champhai,392.0899796,1.043819309,0.168622346,547.9247748,1.484262608,0.18228598
Chandauli,212.6203551,-0.575004828,0.080909862,319.0367868,-0.761685279,0.048064131
Chandel,238.5200616,0.079180471,0.001237861,355.2117478,0.079231901,0.000422741
Chandigarh,237.8765248,-1.093214154,0.107145551,350.9116275,-1.767090966,0.133049578
Chandrapur,313.0748489,-0.189231871,0.0057167,461.5155445,-0.332094306,0.007947847
Changlang,315.3731138,-1.036368772,0.029365044,460.1150646,-1.606472063,0.028228841
Chatra,239.4914329,-0.465058557,0.05241413,356.202087,-0.519426894,0.03107394
Chennai (Madras),245.8275427,-0.2237866,0.003899915,421.0537054,-0.381060021,0.004115925
Chhatrapur,252.198258,-0.591903617,0.040621534,367.9273381,-1.04523924,0.058667272
Chhindwara,252.8953202,-0.261750006,0.020215879,402.6680038,0.040547926,0.000177097
Chikmagalur,294.6335752,0.408851212,0.041632438,418.5422952,-0.241040141,0.003535085
Chilas,207.58708,1.374808879,0.397344435,306.7877443,1.955835466,0.281490276
Chitradurga,95.58505841,-0.060397572,0.004552205,157.4474054,-0.0343838,0.000539603
Chitrakut,188.8624419,-0.893414637,0.143315998,275.4660553,-1.169318949,0.145017172
Chittaurgarh,226.2263852,0.061900965,0.000679197,365.3541076,0.397607793,0.011365525
Chittoor,156.8213872,-0.036138053,0.0006385,234.0493269,-0.125312901,0.002520854
Churachandpur,313.2596269,0.657326375,0.090090553,439.5491281,0.759928213,0.046829514
Churu,97.88031154,0.00918213,4.13E-05,166.0588115,0.150586745,0.005077028
Coimbatore,164.2152802,0.154397419,0.010690357,244.2942264,0.180739218,0.005167663
Cuddalore,234.1706634,-0.234875996,0.005841208,389.0011639,-0.416410706,0.005485974
Cuddapah,147.4407017,0.11237389,0.007872865,231.6153932,0.199395957,0.00804439
Cuttack,308.1817984,0.390005676,0.046960817,448.4543683,0.396978748,0.013547372
Dadra and Nagar Haveli,643.3727455,0.917024739,0.036178027,1000.702948,0.89197162,0.009537185
Dakshin Dinajpur,327.9115923,-0.230603929,0.008702441,499.4623822,-0.243031962,0.00306742
Dakshin Kannad,850.7774488,0.411031577,0.004853664,1185.983804,-0.799664929,0.006822622
Daman,561.3782676,0.088303018,0.000298241,870.4832074,-0.089664712,0.00010575
Damoh,286.5996836,-0.30262874,0.012612165,415.3412854,-0.572573326,0.018923494
Dantewada,332.0729226,0.326336714,0.020369643,519.5587476,0.896794157,0.065447772
Darbhanga,208.7190345,-0.704553974,0.095354647,325.4144609,-1.04655331,0.0830151
Darjiling,650.77414,0.492449027,0.024109557,992.795866,1.402524884,0.067771443
Darrang (Mangaldai),318.3021224,-0.005207498,7.87E-06,495.7221215,0.556209253,0.025958729
Datia,204.9839508,-0.307112181,0.014871062,309.9441886,-0.434718342,0.015893807
Daulpur,173.4597545,-0.430566275,0.033820707,272.7458549,-0.392775935,0.017538755
Dausa,175.3321591,-0.103448074,0.00203536,280.9335403,0.126288752,0.00162484
Davanagere,108.7647417,0.05507552,0.004653827,166.0469716,0.049788113,0.001209878
Debagarh,312.641435,0.006123054,6.52E-06,464.9479109,-0.106513297,0.000551674
Dehra Dun,265.1896798,-2.608056438,0.312322563,370.2226653,-3.896557751,0.359605263
Deoghar,282.8293362,0.192687503,0.010471263,435.5198291,0.449395604,0.017316721
Deoria,236.3784231,-0.478724986,0.047834187,353.3094648,-0.785412309,0.048896219
Dewas,272.2478576,0.039711025,0.000230515,427.103696,0.262155997,0.004200238
Dhalai,371.8155853,-0.276186954,0.014137054,551.6558849,-0.316864857,0.004025313
Dhamtari,294.4855642,-0.26778611,0.015082357,421.6999298,-0.506962686,0.022262662
Dhanbad,292.0640536,0.288967839,0.027056286,416.7124328,0.422959106,0.027562101
Dhar,217.3060654,0.120735438,0.003977485,346.083927,0.394508828,0.019188925
Dharmapuri,140.475255,-0.066437577,0.004415797,213.5142766,-0.092807223,0.002820009
Dharwad,144.3136461,0.314342449,0.017166028,220.6122778,0.531554686,0.01905096
Dhemaji,404.0737899,-0.370076273,0.019635416,581.7349924,-0.486601939,0.014184592
Dhenkanal,306.6285077,0.344317007,0.044199583,441.8130088,0.326329596,0.01087741
Dhubri,451.2407172,0.017775018,3.51E-05,662.7213012,-0.068383135,0.000197814
Dhule,164.8475071,0.270645388,0.049866643,233.4987043,0.257133384,0.020498006
Dibang Valley (Anni),362.0873255,-1.544842416,0.047288777,528.9892346,-2.423740832,0.050260104
Dibrugarh,354.2746996,-0.552932886,0.057087886,514.8844692,-0.649087995,0.031591933
Dimapur,264.4891405,-0.181850399,0.015618133,384.0642278,-0.128381488,0.002379392
Dindigul,148.8651855,0.05554396,0.001920816,238.0294675,0.103432615,0.001907616
Dindori,281.3474395,-0.320841813,0.020306795,384.8751014,-0.810644526,0.055919067
Diu,313.0190385,1.396794588,0.160032779,510.9781811,2.372355618,0.163132058
Doda,173.2043973,0.11562122,0.003181945,288.0850336,0.596045444,0.031419148
Dohad,253.2025351,0.046751863,0.000237987,386.443723,0.166948944,0.001300966
Dumka (Santal Pargana),302.2524186,0.213527799,0.009619597,463.7364914,0.614425785,0.024908605
Dungarpur,225.3206736,-0.032858192,0.000137939,352.8931379,0.098769474,0.000535944
Durg,269.2805558,-0.342676743,0.027671722,384.1768158,-0.607994302,0.04121469
E. Garo Hills (Williamn.),470.1618389,0.951555022,0.09592524,718.9866147,1.87621012,0.116142122
E. Khasi Hills (Shillong),353.8305015,0.5319403,0.0312913,537.3808512,0.990922334,0.034427784
East,192.936949,0.159957413,0.004918267,294.1169192,0.29206826,0.007519493
East District,614.1575185,0.336190261,0.009473483,981.4760207,1.582462678,0.06599945
East Godavari,213.2523954,0.198817166,0.020113177,332.2673857,0.471967315,0.029736078
East Kameng (Seppa),396.9012611,-0.407787435,0.040363415,541.3395363,-0.628157056,0.039816328
East Nimar (Khandwa),247.8241236,0.026399693,0.000154711,388.3286698,0.254941415,0.005470427
East Siang (Along),531.192435,0.298940833,0.003078938,801.4363349,0.548205672,0.004229457
Ernakulam,515.8561324,-0.864092528,0.044833219,757.2384939,-1.615446803,0.059358215
Erode,117.7870777,-0.111375649,0.009042625,180.253621,-0.137127995,0.004964051
Etah,192.0053192,-0.116630804,0.003075578,298.1785504,0.041190302,0.000199847
Etawah,153.1740211,-0.658497612,0.098402358,236.7639176,-0.717388603,0.06127526
Fairdkot,97.78641246,-0.02038378,0.000175471,157.1011365,-0.050609566,0.000430112
Faizabad,227.5081531,-0.34795319,0.022970138,343.7774455,-0.396106475,0.012196571
Faridabad,141.4884793,-0.33165451,0.023689155,221.3988919,-0.305009118,0.01028568
Farrukhabad,201.7762435,-0.181087592,0.007476795,313.6254458,-0.068054933,0.000404311
Fatehabad,107.7703147,0.056521151,0.001466373,166.4755554,0.070015723,0.000960339
Fatehgarh Sahib,248.3102687,0.654626259,0.077325125,379.9348649,1.040980159,0.112820652
Fatehpur,159.0051219,-0.936712115,0.179068632,249.2153314,-1.241529475,0.138716389
Firozabad,191.0743751,-0.098393483,0.002729357,293.0220282,0.020308619,5.76E-05
Firozpur,98.22902929,0.007107489,2.49E-05,157.5401698,0.007830236,1.32E-05
Gadag,112.2810133,0.066153674,0.003682169,192.945965,0.298233625,0.023166873
Gajapati,223.4764112,0.112960242,0.006281535,334.2554863,0.110183128,0.001358394
Gandhinagar,245.2171608,0.078769122,0.000582146,376.6324048,0.088985179,0.000294776
Gangangar,55.54622172,-0.07894504,0.005388475,89.16747588,-0.158781066,0.010095205
Ganjam,242.4141944,0.222974468,0.026931146,372.8859443,0.548531274,0.042505443
Garhchiroli,353.5174131,0.19860609,0.006781657,530.8258792,0.390944963,0.011101507
Garhwa,222.8550984,-0.680538709,0.094598418,323.3479816,-1.054531354,0.107131196
Garhwal,214.1520586,-1.384337669,0.227664111,331.3909481,-1.847392071,0.210684286
Gautam Budh Nagar,185.8650201,-0.023587188,0.000104569,279.6607859,-0.021818763,4.20E-05
Gaya,213.8738028,-0.518534258,0.08323928,317.8051016,-0.647666533,0.057431578
Gazipur,190.7395367,-0.647288384,0.142075629,276.2774007,-1.011701196,0.122900098
Ghaziabad,239.3229427,0.473656654,0.031949074,342.8400982,0.622274289,0.036774345
Gilgit,167.2405552,1.163974733,0.30958573,261.7163552,1.83445199,0.315977407
Gilgit (Tribal Territory),199.5543212,1.477629288,0.524884682,297.7279013,2.178655041,0.462747361
Giridih,266.2139785,0.045488586,0.000647975,394.1022301,0.247452197,0.007976939
Goalpara,387.2623448,0.166780184,0.006253486,606.576395,0.781200749,0.044108788
Godda,280.9002498,0.000711397,1.24E-07,442.8942771,0.481732264,0.019251444
Golaghat,268.4165171,-0.50319692,0.136762033,373.7337251,-0.68326591,0.105383948
Gonda,250.5040029,-0.250188641,0.009379272,367.6824751,-0.425746008,0.011058499
Gondiya,320.9097126,-0.184886644,0.006332911,478.1210573,-0.227396907,0.003509198
Gopalganj,265.6622868,-0.021256632,0.000101164,412.5152883,0.093072767,0.000787043
Gorakhpur,300.0313129,0.136864003,0.003279055,440.7392813,-0.000410967,8.95E-09
Greater Bombay,613.7225598,-0.456494361,0.011417988,935.0964934,-1.341299964,0.030539633
Gulbarga,151.0032244,0.061162593,0.002012972,225.9672681,0.01095693,2.59E-05
Gumla,250.7803109,-0.757747104,0.11655319,352.5530589,-1.078840589,0.110180635
Guna,243.8320716,-0.469768411,0.031684586,377.9755148,-0.495366774,0.015476718
Guntur,181.3701563,0.380459725,0.093351818,270.68023,0.514458573,0.061378169
Gurdaspur,255.6267142,0.077235369,0.000800757,386.3287351,0.214996643,0.003563998
Gurgaon,150.3014136,-0.163648323,0.006754204,238.7131171,-0.06052789,0.000463985
Gwalior,216.9628307,-0.055491317,0.000536238,335.5180723,0.008428806,6.72E-06
Hajlakandi,433.7778416,-0.359801963,0.026369808,602.5776384,-0.419175547,0.013162924
Hamirpur,313.1073208,0.748722739,0.081394777,445.4122935,0.646784679,0.022846337
Hamirpur2,175.9180789,-0.543002469,0.067100547,274.2562825,-0.62928704,0.037674926
Hanumangarh,70.30846959,-0.127861007,0.0102473,121.9629012,-0.08049764,0.001912241
Haora,328.188384,0.419339752,0.024083027,485.1363803,0.66358995,0.01969011
Harda,321.1835558,0.182346687,0.00367573,504.1851763,0.47851291,0.009604437
Hardoi,200.3198657,-0.360158962,0.028408211,303.2055858,-0.444020561,0.015962296
Hardwar,299.6083817,-0.381037602,0.018627456,435.5070974,-0.82690652,0.033769526
Hassan,134.0392712,-0.111019765,0.012780613,204.6933626,-0.145899834,0.006710113
Hathras,167.438272,-0.221099494,0.011683509,267.5942003,-0.037819561,0.0001934
Haveri,149.3051392,0.375724675,0.073547021,233.6310152,0.674754085,0.069688449
Hazaribag,258.555409,-0.180371912,0.010808634,369.5947952,-0.160344391,0.004028089
Hingoli,214.4708761,0.082167225,0.002140239,348.9726954,0.482130729,0.023844263
Hisar,115.7646289,-0.011882245,5.11E-05,170.5725208,-0.138138808,0.003420286
Hoshangabad,328.4146219,-0.577593062,0.032092609,523.5526619,-0.54254083,0.01172515
Hoshiarpur,289.0688192,-0.010880844,1.04E-05,417.2586686,0.026906184,4.20E-05
Hugli (Chunchura),286.101425,0.344024506,0.026989327,427.7661673,0.573062066,0.026239528
Hyderabad,156.115109,0.128549666,0.008575195,246.929168,0.311047295,0.018467748
Idukki,313.4321806,0.32239974,0.024656426,453.0015311,0.358583003,0.008518922
Imphal,232.3225642,-0.044660782,0.000834665,336.1309173,-0.187794049,0.004595591
Imphal (Cachar) (x),306.2935569,0.441578919,0.036318903,436.7411306,0.586787744,0.025570954
Indore,254.333174,0.250121197,0.012715994,399.7278209,0.57835832,0.025151064
Jabalpur,328.7901151,-0.313915519,0.009818157,471.0372297,-0.754113382,0.023366032
Jagatsinghapur,311.9675576,0.458120634,0.045723316,468.6199205,0.626198869,0.029413656
Jaintia Hills (Jowai),323.1604601,-0.610264007,0.059499312,461.8065644,-0.762782805,0.037544046
Jaipur,157.4386575,-0.13888313,0.003929831,267.2008855,0.208533145,0.004575762
Jaisalmer,65.83468777,0.08454529,0.004288777,102.5505654,0.101403759,0.002613736
Jajapur,305.4996431,0.274457799,0.020518394,445.7665759,0.277657747,0.005946882
Jalandhar,192.6380883,0.220333471,0.011062374,285.7039945,0.248020281,0.006960892
Jalaun,181.5246309,-0.433456596,0.036907568,293.6064499,-0.405681972,0.013056928
Jalgaon,179.9038061,0.13843837,0.008826714,264.4662071,0.118748865,0.001746486
Jalna,169.6450407,-0.06842026,0.001464808,254.5166963,-0.112800264,0.001235931
Jalor,145.080198,-0.112863671,0.001714712,238.3140265,0.056799941,0.000194062
Jalpaiguri,654.7578442,-0.707447804,0.023897786,1026.94792,-0.477779649,0.003748397
Jammu,246.7657205,-0.514037885,0.027909537,375.936968,-0.633271801,0.021967283
Jamnagar,211.4116805,0.49917553,0.033203347,334.6152865,0.880524057,0.037327761
Jamui,250.3573805,0.055959709,0.00101665,388.5684793,0.349898666,0.013965605
Janjgir-Champa,290.3690006,-0.919798224,0.150172387,424.2832526,-1.206460833,0.110329289
Jashpur,282.3295909,-0.624708555,0.080792364,395.3409961,-0.930287275,0.092822952
Jaunpur,243.5125223,-0.101014532,0.002469143,357.6006675,-0.167243949,0.002674668
Jehanabad,209.8179556,-0.37590759,0.031749229,328.6771521,-0.29304564,0.00846801
Jhabua,238.1556952,0.27084472,0.015372133,375.7892935,0.542691533,0.024016602
Jhajjar,151.19907,0.018442568,9.65E-05,244.3586741,0.249970477,0.007861968
Jhalawar,254.844529,-0.209831028,0.005229663,397.5073894,-0.281338295,0.003585514
Jhansi,215.5387786,-0.291308471,0.012309369,324.4686853,-0.430895879,0.015433355
Jharsuguda,303.972008,-0.73695599,0.064722314,444.892261,-1.198222345,0.067811078
Jhunjhunun,125.4521633,-0.056136844,0.001142058,198.0333618,0.021929377,8.85E-05
Jind,126.3578613,-0.085332084,0.002308845,205.1155122,0.023769931,8.52E-05
Jodhpur,89.45928022,-0.067555497,0.002432185,151.2938403,0.016441776,5.69E-05
Jorhat,297.6288394,-0.600164506,0.122631599,413.5153316,-0.914325568,0.106486966
Junagadh,272.5483641,0.792597451,0.074838195,452.15857,1.497835551,0.081772146
Jyotiba Phule Nagar,251.587797,0.211086978,0.007482194,371.3254723,0.346628125,0.011297652
Kachchh (Bhuj),173.1362064,0.417835867,0.017440569,244.2438166,0.473618141,0.013790812
Kaithal,154.6086343,0.051120954,0.000809118,245.7790231,0.189059872,0.005379982
Kalahandi,325.9362694,0.257946024,0.009628765,483.821837,0.450758132,0.01440666
Kamrup,298.6780085,-0.140405422,0.007147792,446.8076721,0.033744814,0.000171976
Kanauj,180.3301272,-0.356140803,0.025406108,279.2246268,-0.379769162,0.013838711
Kancheepuram,226.1981379,-0.025100267,8.47E-05,373.9621278,-0.081214966,0.000295847
Kandur Nagar,173.5934831,-0.661797897,0.074626909,251.6965753,-0.950325825,0.074260901
Kangra,354.5910484,-0.799222594,0.041574133,515.9433224,-1.127817974,0.048919489
Kanker,297.2425395,-0.23881859,0.011965963,428.387328,-0.322427684,0.009715919
Kanniyakumari,183.5032391,0.011396778,4.35E-05,275.4989109,-0.070154907,0.000581855
Kannur (Cannanore),694.1928162,-0.582035628,0.010578629,1008.734404,-1.444666377,0.02837918
Kanpur Dehat,159.8192431,-0.693005488,0.107344624,254.1883994,-0.77538349,0.063905035
Kapur,130.9734157,-0.005350617,1.78E-05,198.3969422,-0.112628413,0.002480813
Kapurthala,186.3096585,0.161245014,0.00564938,282.9135132,0.295217369,0.009815956
Karaikal,291.2801363,-0.259930708,0.002433569,450.7917719,-0.529788442,0.005531937
Karauli,162.9020329,-0.511712014,0.040854152,264.3235809,-0.5096957,0.02378983
Karbi Anglong,224.4133283,-0.448213969,0.141449524,312.9245336,-0.53623265,0.09076377
Kargil,147.5537939,0.553881934,0.117473945,225.1984972,0.896766452,0.104410157
Karimganj,438.81489,-0.292074982,0.018755227,627.1999158,-0.170487372,0.002067235
Karimnagar,232.6129114,0.200601536,0.01176027,365.2098644,0.588559735,0.041273897
Karnal,166.7090397,-0.291336667,0.015742122,264.9856996,-0.191766639,0.003492477
Kasaragod,917.8057793,-0.66462012,0.009362502,1278.879034,-2.098607284,0.036817187
Kathua,263.6239434,-0.542175266,0.022614383,397.7850066,-0.766750395,0.026643804
Katihar,296.5858109,0.0595296,0.000594832,433.2669985,-0.140739379,0.001254086
Katni,265.3800873,-0.598393656,0.046308913,390.1927109,-0.890606643,0.041316476
Kaushambi,185.8723715,-0.765011582,0.107706654,272.8711993,-1.054356124,0.097178306
Kawardha,253.5582453,-0.0063146,1.76E-05,357.8230038,-0.136382979,0.004916284
Kendrapara,288.8026306,0.156050928,0.005663184,441.4944375,0.315667404,0.007815289
Kendujhar,274.9926627,-0.097564028,0.00250938,378.1969049,-0.480788504,0.019613737
Khagaria,241.7158099,-0.072948482,0.001503626,399.1176571,0.272782436,0.006622499
Khammam,262.1391168,0.364804507,0.037908067,419.652061,0.897955127,0.087997053
Kheda,249.0959005,-0.053209557,0.000226133,396.4116396,0.125372261,0.000504038
Kheri,261.6592836,-0.063258431,0.000741924,398.9118973,0.151966323,0.002331141
Khordha,273.4858571,0.204508138,0.011636443,424.1336273,0.493359584,0.023431289
Kinnaur,151.5256019,0.194826024,0.006066595,224.7774953,0.22896111,0.003330718
Kishanganj,488.6456729,-0.388953378,0.014330612,768.6474562,0.026088295,2.16E-05
Koch Bihar,584.581153,0.18057419,0.002623259,908.2703562,0.637550636,0.010987678
Kodagu,341.1783112,-0.11603119,0.001213806,499.7588793,-0.890415566,0.025740903
Koderma,234.2300194,-0.212472458,0.016182834,360.1606896,-0.129206353,0.002307154
Kohima,255.601205,-0.09786188,0.004852455,372.1193885,-0.033007976,0.000186473
Kokrajhar,530.2880893,-0.150051815,0.001734934,801.067533,-0.014098006,5.94E-06
Kolar,116.8754055,-0.035498741,0.001210623,184.547862,-0.053593665,0.000929856
Kolasib,388.7376062,-0.511880066,0.040177003,550.3727718,-0.476581218,0.013670485
Kolhapur,500.4809032,1.41300334,0.167438415,764.4547798,1.70651218,0.082384621
Kollam (Quilon),254.6339154,-1.009085617,0.146841061,378.3181111,-1.285157982,0.088689046
Koppal,119.0280237,0.09559176,0.008717099,195.0265221,0.186812001,0.009583666
Koraput,245.0599475,-0.04622378,0.000585297,356.0019386,0.062172875,0.000413273
Korba,278.0306543,-1.150860654,0.162441929,406.7920922,-1.565513808,0.153409861
Koriya,253.618951,-0.951270756,0.153228434,366.3800791,-1.505114882,0.209592662
Kota,205.3663695,-0.527946454,0.033725271,346.6790548,-0.370523195,0.007568763
Kottayam,417.7770241,-1.651043475,0.16096984,603.4969461,-2.744686594,0.150073653
Kozhikode,462.1468447,-3.932643107,0.293313212,704.9882301,-5.884252543,0.27932577
Krishna,196.5854002,0.293696896,0.049216151,293.3715367,0.431563349,0.038838602
Kullu,171.3149557,0.186271648,0.01963003,247.8352481,0.253357431,0.015938315
Kupwara (Gilgit Wazarat),139.209983,0.02300129,0.000147121,213.4357768,0.120117402,0.001253121
Kupwara (Muzaffarabad),143.3546567,-0.118383347,0.007553815,224.9694296,-0.003543024,2.79E-06
Kurnool,140.2754514,0.257309811,0.043722033,212.7434732,0.314675548,0.022153498
Kurukshetra,207.4404857,0.143173428,0.004671867,323.754997,0.349038884,0.012795635
Kushinagar,282.19201,-0.229512188,0.008642726,430.6973381,-0.480628636,0.013790869
Ladakh (Leh),132.0925895,0.941793863,0.283652299,201.5777159,1.446990457,0.273630556
Lahul and Spiti,140.2415998,-0.223271785,0.01868142,204.8389677,-0.413059752,0.023391941
Lakhimpur,365.3762284,-0.553969388,0.084331011,503.9882624,-0.865268066,0.101792252
Lalitpur,247.0609931,-0.453169909,0.024769214,408.8209863,-0.288425885,0.004464368
Latur,175.6879147,-0.092519421,0.003602689,266.1982445,-0.1482569,0.00305985
Lawngtlai,149.2043979,0.672268027,0.092561737,216.2032316,0.884328715,0.072556115
Little Rann of Kachchh,158.4339696,-0.054558889,0.000324472,254.0157085,0.153842199,0.001613288
Lohardaga,255.5966095,-0.425141955,0.047561239,363.2089863,-0.675888027,0.051393224
Lohit (Teju),312.551184,-0.937853004,0.01741163,457.5833778,-1.495596059,0.018169742
Lower Subansiri (Ziro),489.0279523,-0.71619322,0.06216423,698.4927277,-0.871209359,0.035554536
Luckeesarai,231.4444402,-0.097741595,0.003351522,359.682174,0.108473766,0.001283228
Lucknow,214.081242,-0.439689191,0.027592939,311.0663788,-0.801693884,0.038334132
Ludhiana,178.3963867,0.156122691,0.006682259,265.8003274,0.067539263,0.000541709
Lunglei,490.1374489,3.298367072,0.553934703,716.6042357,4.925351158,0.546562918
Madhepura,290.3273628,0.129363911,0.003866042,450.4318912,0.300691499,0.008086758
Madhubani,251.26397,-0.274949239,0.013897748,418.6498411,-0.165716456,0.001767547
Madurai,149.8680119,0.064380046,0.003140053,236.9846547,0.142389877,0.004723991
Maharajganj,329.1912762,-0.05155994,0.000318571,499.1110488,-0.157656296,0.001097817
Mahasamund,280.8808488,-0.624651811,0.060835801,401.9003979,-1.039954066,0.067784526
Mahbubnagar,143.3532979,0.098108905,0.007808104,215.0158276,0.091541105,0.002076631
Mahe,638.6987999,-1.821666433,0.084766757,981.7789409,-2.79779835,0.10068133
Mahendragarh,142.8617067,0.003216068,2.59E-06,233.9249644,0.216706213,0.005284361
Mahesana,216.3900342,-0.215822337,0.003980469,353.0970369,-0.124005027,0.000598236
Mahoba,208.039,-0.40568813,0.028601121,312.8977957,-0.534350603,0.024588691
Maij,215.5494108,-0.371443278,0.036617128,324.6625306,-0.499436815,0.023705132
Mainpuri,188.7985737,-0.255874422,0.014237072,295.3395122,-0.102151687,0.001133531
Malappuram,395.0458895,-1.312716852,0.109444303,556.8405524,-2.798264869,0.169652807
Maldah,329.1763191,0.459625853,0.031277635,501.6559098,0.814230503,0.033419721
Malkangiri,238.0593057,-0.116332136,0.002504013,362.7381189,0.063907723,0.000354963
Mamit,369.4494891,-0.652665597,0.080712512,520.0694894,-0.761818052,0.031604642
Mandi,200.6443838,0.066416035,0.001588499,305.3020718,0.18880563,0.005998852
Mandla,322.3113524,-0.201660138,0.006400187,436.2815866,-0.840080377,0.050770916
Mandsaur,245.8094679,0.143745919,0.003109383,396.4086718,0.385571774,0.00794474
Mandya,128.2181279,0.019080396,0.00041314,196.9183678,-0.094963889,0.002921088
Mansa,107.8341265,0.023495727,0.000190032,179.1356527,0.189376282,0.005187788
Marigaon,245.7789447,-0.584131824,0.056106448,349.7412227,-0.891359408,0.060742797
Mathura,164.8899442,-0.167644999,0.006142633,256.2315255,-0.041686499,0.000237106
Mayurbhanj,301.3321359,0.170877463,0.009360768,428.4367033,0.162487988,0.002785858
Medak,180.821505,0.081702339,0.002964478,291.5453799,0.387384695,0.026998491
Medinipur,313.8986889,0.398707898,0.043068246,454.1227323,0.558037613,0.028647772
Meerut,247.7116196,0.310252036,0.015369321,368.1698936,0.503861858,0.021777431
Mirpur,188.0537206,-0.192613723,0.007255811,278.0500546,-0.350697028,0.010205863
Mirzapur,215.956679,-0.512920753,0.067813098,335.3983413,-0.55616269,0.034620983
Moga,115.6504941,-0.091370769,0.002542435,193.6549047,-0.052893451,0.000292699
Mokokchung,287.1151898,-0.588405109,0.103106798,403.3999769,-0.851798913,0.087030335
Mon,322.8351046,-0.541536362,0.127654067,466.0665889,-0.640527984,0.065246499
Moradabad,242.0371677,-0.242978595,0.010907447,355.3954218,-0.380132834,0.013913093
Morena,181.850014,-0.374506383,0.025540393,279.4495635,-0.414073804,0.019787559
Muktsar,105.8490544,0.143286175,0.008799004,168.5378411,0.213814527,0.007813327
Munger,245.4663112,-0.000810414,1.82E-07,393.7707825,0.233313212,0.004536546
Murshidabad,254.1680424,0.040833353,0.00061304,391.7447476,0.18935012,0.003636851
Muzaffarnagar,224.4597505,0.043512137,0.000308582,342.9252875,0.226796394,0.004806154
Muzaffarpur,228.0585143,-0.449162132,0.041006893,353.8363844,-0.701753952,0.038066431
Mysore,122.1814441,-0.10045946,0.007243986,188.8615525,-0.113453247,0.002922923
N. Cacha Hills (Haflong),233.9676767,-0.137558285,0.00580555,342.8875951,-0.06867899,0.000481584
Nabarangapur,339.7899296,0.374501534,0.017945796,493.5132294,0.500549992,0.01364717
Nadia (Krishnanagar),241.2985625,0.055560137,0.000991679,372.704903,0.231659549,0.00568258
Nagaon,216.2748172,-0.66665601,0.25908747,293.1926283,-0.979944438,0.243388378
Nagappattinam,322.171724,0.16464881,0.001463834,497.7305482,-0.126049406,0.000345086
Nagaur,111.5716734,-0.085521904,0.002547026,187.9622798,0.04094284,0.000244815
Nagpur,243.4035275,-0.557000563,0.079201369,381.0716482,-0.559599249,0.033895779
Nainital,262.0904571,-1.255363546,0.165420238,403.8346294,-1.509879032,0.144882068
Nalanda,218.2539686,-0.112342725,0.003748012,349.1587218,0.142428975,0.002084266
Nalbari,319.2278729,-0.272109657,0.01763266,490.4706513,-0.212008914,0.003787897
Nalgonda,166.4225821,0.282449799,0.055056698,250.9670292,0.439244546,0.050860013
Namakkal,127.0917136,-0.129477686,0.013053041,185.6128944,-0.266462024,0.021344486
Nanded,230.9720158,0.158987302,0.006291407,359.8597356,0.443588032,0.018281242
Nandurbar,211.2515995,0.497306172,0.093095666,322.397412,0.768187835,0.086707654
Narmada,305.932386,0.122172554,0.001604852,451.303836,-0.003717983,6.44E-07
Narsimhapur,290.5259757,-0.161278538,0.005723626,444.8295094,-0.125091311,0.001093151
Nashik,231.7166207,0.290240749,0.025918503,338.3545844,0.300520988,0.011100792
Navsari,524.942454,0.322574849,0.004078581,786.4007589,-0.043188929,2.77E-05
Nawada,222.9888995,-0.186881912,0.011749177,337.8114189,-0.133116509,0.002065179
Nawanshahr,246.7016748,0.365119721,0.024557213,357.3957125,0.306457816,0.009856301
Nayagarth,266.8188897,0.100421998,0.005281543,419.0183921,0.436691672,0.023553586
Neemuch,240.4698822,0.155299888,0.003588408,402.1024879,0.654295842,0.024093835
Nellore,224.9061202,0.021241067,6.71E-05,356.3720811,-0.3209443,0.00525214
New Dehli,196.8248902,0.272384272,0.01460297,310.8572283,0.512632503,0.022484034
Nilgiris,191.747542,-0.444167675,0.07310186,276.6540048,-0.744787238,0.058615367
Nizamabad,213.5930775,0.044737241,0.000692777,339.157228,0.348826961,0.015366612
North,182.5970017,0.129487962,0.002897603,293.9125146,0.368115246,0.010371607
North 24 Panganas,325.0144038,0.698741609,0.094617245,485.866273,1.133873683,0.076793394
North District,395.4222622,-1.498054551,0.195053325,580.6233381,-2.01593371,0.135169462
North East,187.8812943,0.19825384,0.006051723,292.259156,0.35614257,0.00903851
North Goa,1071.395768,3.333124439,0.252217227,1485.776177,3.840688009,0.164806872
North Tripura,377.6599129,-0.510459413,0.051993269,543.950062,-0.63063576,0.017506913
North West,176.9504111,0.148127654,0.004613873,288.5695961,0.431692308,0.015915171
Nuapada,296.1942497,-0.155606942,0.003384659,433.7697707,-0.20163533,0.002870706
Osmanabad,156.416971,0.025906625,0.000417027,230.4285694,-0.158146585,0.005181262
Pakaur,277.6999366,0.012306047,3.81E-05,426.5796755,0.284022238,0.006230464
Palakkad (Palghat),269.8546189,-0.876634956,0.087303168,389.8064468,-1.752488909,0.108565578
Palamu (Daltenganj),219.4495715,-0.749486836,0.123436927,311.1727496,-1.135272136,0.133606371
Pali,138.3667889,-0.163128742,0.00598178,232.5786834,-0.089883408,0.000692731
Panchkula,307.8395695,-0.060902342,0.00043098,457.6243952,-0.056213874,0.000208166
Panchmahals (Godhra),270.6369193,-0.121276682,0.00131656,414.168862,-0.183512077,0.001182315
Panipat,172.2704502,-0.110911289,0.002159073,264.1881747,-0.085101143,0.000642642
Panna,246.6116647,-0.523178736,0.040089472,376.5594936,-0.627489213,0.023581762
Papum Pare,465.6105912,0.296518223,0.001813001,692.7768032,0.374843575,0.001241608
Parbhani,204.1308921,0.086083034,0.002394911,319.173524,0.241845482,0.006386182
Partapgarh,205.0453318,-0.543213358,0.051463089,316.2598851,-0.619256492,0.028816711
Paschim Champaran,323.3101756,0.326840935,0.016292592,501.6139644,0.490681842,0.013532708
Pashchimi Singhbhum (Ch.),262.1258732,-0.258524824,0.013016246,359.7100947,-0.605425664,0.028347427
Patan,159.3548555,-0.478929598,0.022225064,268.5663978,-0.312119569,0.004434452
Pathanamthitta,217.0309152,-1.014228966,0.223980207,309.3748733,-1.437098824,0.140028259
Patiala,246.2225437,0.786194503,0.145109897,378.2771291,1.243328035,0.185830968
Patna,212.2620728,-0.265508476,0.019092883,331.4574423,-0.106597619,0.001138958
Perambalur,158.6393428,-0.264098686,0.019770121,259.3488681,-0.272578919,0.006574688
Phek,257.7408663,-0.424284728,0.068332848,388.292403,-0.345206544,0.016677463
Phulbani,254.9175254,-0.095444554,0.003614807,395.4279765,0.245074181,0.007250147
Pilibhit,291.7535747,-0.094419192,0.001502489,452.4282042,0.111690357,0.000893359
Pithoragarh,406.3265366,0.169429535,0.002004925,584.1475409,0.210870528,0.001499744
Pondicherry,231.5704141,-0.284368845,0.007979945,380.8934063,-0.697963352,0.014650159
Porbandar,265.6226732,0.766680865,0.050896226,429.9786826,1.417891941,0.061251613
Prakasam,167.778836,0.338610581,0.069698564,256.1201677,0.239918424,0.008914396
Pudukkottai,170.5629374,0.036858866,0.00045204,267.0122913,0.039703231,0.000150928
Pulwama,140.4695825,0.087152846,0.004387604,211.7206849,0.202434399,0.008210347
Punch,146.7092293,-0.06191705,0.002175873,217.9824703,-0.015079646,4.98E-05
Pune,228.4956075,-0.876495635,0.043402491,325.2508354,-1.776563567,0.07737028
Purbi Champaran,264.7778403,-0.184432561,0.00677263,409.303491,-0.206028248,0.002936328
Purbi Singhbhum,274.676972,0.021835991,0.000134496,386.2787068,-0.113609006,0.001329357
Puri,244.1607818,0.118820607,0.00325273,382.1620218,0.32638838,0.00832141
Purnia,305.7791156,-0.141754388,0.003348078,457.4200322,-0.30376038,0.006067411
Puruliya,274.2869432,0.11607939,0.003995407,385.4596323,0.122007089,0.002041328
Rae Bareli,177.0350359,-0.709065445,0.105798167,246.5260251,-1.326986778,0.140504515
Raichur,129.2306848,0.120492078,0.010415939,199.7566935,0.053312022,0.000651767
Raigarh,280.076401,-0.977320416,0.165588823,396.4402044,-1.45734697,0.155123644
Raigarh (Alibag),871.043555,-0.019546141,1.62E-05,1343.713028,-0.771803222,0.006826015
Raipur,267.8502113,-0.524835914,0.059349192,376.516748,-0.902880516,0.077084281
Raisen,312.5741199,-0.09843853,0.001698353,485.6704043,-0.14933962,0.001446067
Raj Nandgaon,287.8873635,-0.100909096,0.00233408,415.7933773,-0.192118188,0.003857387
Rajauri,155.5186645,-1.149107969,0.187294064,213.364076,-2.024712938,0.207444641
Rajgarh,250.2937993,-0.444013999,0.03138689,393.042846,-0.592874839,0.020977054
Rajkot,189.8345511,0.105964814,0.001753187,306.2169978,0.336707849,0.006766707
Rajsamand,161.8820183,-0.113378636,0.002988809,263.2133873,0.033715513,0.000125984
Ramanathapuram,164.5727744,0.129688486,0.00585551,252.7183513,0.111454961,0.001465439
Rampur,240.1776999,-0.735678199,0.065202345,379.1906659,-0.763121118,0.037098308
Ranchi,252.2287298,-0.423029857,0.055349525,343.5114092,-0.655449465,0.060222186
Rangareddi,164.9336507,0.142511503,0.011405331,255.0320885,0.290424252,0.018611394
Rann of Kachchh,148.8834892,0.102039175,0.001249087,232.9357935,0.322116802,0.007303028
Ratlam,265.9008161,0.380898534,0.020743711,424.2099889,0.782556405,0.034114537
Ratnagiri,854.161626,0.97441035,0.04242174,1249.357268,0.687839648,0.007366382
Rayagada,256.685577,0.213414427,0.021261736,383.6680486,0.646776164,0.075817058
Rewa,227.7300994,-0.780550864,0.097173133,338.2569144,-0.993603065,0.091492481
Rewari,155.9478561,0.059693757,0.000933253,245.6229455,0.19960325,0.005041966
Ri Bhoi,782.6160212,2.606446789,0.08069398,1259.734989,4.959415091,0.08792556
Rohtak,149.2470415,0.14854299,0.00603552,233.2939461,0.314897706,0.011605907
Rohtas,212.6996998,-0.803637699,0.123708707,320.661923,-1.141332573,0.103466696
Rudraprayag,269.4098776,0.737925753,0.103747291,383.0080376,0.893121578,0.070111414
Rupnagar,247.7667714,-0.252461632,0.011208824,363.0309956,-0.474247184,0.021130106
Sabarkantha (Himatnagar),234.443252,-0.129082378,0.001821887,361.0997392,-0.119940844,0.00069778
Sagar,304.1921765,-0.022509566,6.83E-05,467.2863468,0.059527634,0.000220453
Saharanpur,274.6299624,-0.026878988,0.000111521,428.1056458,0.281167165,0.00645592
Saharsa,257.4040864,-0.243333506,0.011069741,419.5584725,-0.070937377,0.000336465
Sahibganj,315.4989653,0.379691987,0.025312551,493.3034292,0.887564154,0.044557746
Saiha,31.96299087,0.132630517,0.001522103,32.45402139,-0.047864613,0.00012484
Salem,146.0301102,-0.143807724,0.013212583,214.6522617,-0.300456248,0.022560164
Samastipur,216.257225,-0.4937767,0.061501364,340.6081184,-0.589075245,0.027532141
Sambalpur,308.9617067,-0.509433853,0.040846889,456.6768291,-0.813024086,0.028372196
Sangli,127.8159623,0.153275922,0.024690411,194.1176445,0.186680526,0.010437106
Sangrur,155.4775404,0.335649293,0.030023656,232.2318956,0.390365262,0.019700394
Sant Kabir Nagar,331.892384,0.274632154,0.008961501,495.4444552,0.394644869,0.006645462
Sant Ravidas Nagar,227.4856335,-0.331549688,0.024807564,347.8410799,-0.393568485,0.013690092
Saran,237.0168927,-0.213577689,0.010752689,360.9307556,-0.143405939,0.00210045
Satara,237.7934151,0.365663099,0.030593015,346.5436444,0.156592502,0.00199262
Satna,232.1545414,-0.684645568,0.070777879,352.6033521,-0.739624723,0.047456369
Sawai Madhopur,188.0315247,-0.309627867,0.013757285,314.7332737,-0.16029006,0.001921643
Sechip,355.8341906,0.194714715,0.005440938,515.3568286,0.552096507,0.018444931
Sehore,296.2683054,-0.1341377,0.002845813,477.4858719,0.090183824,0.000504321
Senapati,258.3204908,0.118012949,0.005085595,370.4690406,0.074852236,0.000662646
Seoni,280.7622882,-0.609588498,0.079974661,428.0598905,-0.763519471,0.050652848
Shahdol,271.8796044,-0.491985033,0.05503558,383.3993066,-0.882060917,0.082419287
Shahjahanpur,225.9634247,-0.264269653,0.014641738,314.4525169,-0.651662207,0.04048509
Shajapur,268.1516736,-0.074635421,0.000751877,429.1740978,0.079691251,0.000321277
Sheikhpura,207.0307401,-0.209568338,0.01208601,332.6588318,0.014573147,1.99E-05
Sheohar,235.9171751,-0.285794383,0.014160543,361.7632721,-0.581602418,0.019833758
Sheopur,208.4285682,-0.291038157,0.012003857,311.0140195,-0.458574413,0.015737337
Shimla,157.8883632,-0.546390328,0.09374917,240.5246007,-0.608520918,0.053259415
Shimoga,393.1492664,0.437953608,0.016950037,558.1485275,-0.347217533,0.003591363
Shivpuri,217.4979106,-0.302028206,0.016534389,344.3153183,-0.310711033,0.007594436
Shravasti,277.3375519,0.07362635,0.001191423,431.0671974,0.251861903,0.005080283
Sibsagar,322.4197082,-0.57075246,0.121759217,463.3720552,-0.712568432,0.078141637
Siddharthnagar,285.745859,-0.334102969,0.012939713,436.2834358,-0.579316671,0.011502637
Sidhi,225.9807707,-0.918352199,0.167073872,333.997181,-1.208546896,0.134899229
Sikar,129.4988936,-0.07559077,0.002092902,223.8851098,0.189096066,0.005451392
Sindhudurg,906.9803687,1.626041676,0.094661564,1264.836247,1.174128381,0.02023417
Sirmaur (Nahan),328.9507583,-0.712528517,0.041444187,476.5664565,-0.993940022,0.049608904
Sirohi,189.869602,-0.738065175,0.029564267,313.2983846,-0.782086102,0.017359057
Sirsa,80.70673138,-0.084804144,0.004232083,136.0949911,-0.054801238,0.000633831
Sitamarhi,250.6034912,-0.254509235,0.012765996,400.327206,-0.35694737,0.007082497
Sitapur,244.5454498,-0.064178771,0.000999699,381.7227378,0.054247035,0.000217393
Sivaganga,160.6879078,0.197225226,0.020776631,247.491986,0.157406484,0.003652527
Siwan,237.8470028,-0.240753229,0.014024147,363.3273115,-0.271723257,0.006688841
Solan,194.6136593,-1.239368422,0.189029096,289.0406976,-1.887966358,0.236491353
Solapur,138.3345647,0.066798246,0.002898498,216.2325094,0.086186329,0.001417555
Sonapur,326.6840649,-0.337923215,0.013232436,515.029423,-0.349172754,0.003885321
Sonbhadra,216.5527913,-0.6465573,0.132160917,324.475229,-0.863531084,0.079015784
Sonipat,170.5545069,0.137842868,0.004954098,273.2211376,0.388557963,0.016883139
Sonitpur (Tezpur),316.1907661,-0.425181792,0.071683782,431.1410136,-0.630133808,0.071029703
South,195.6985791,0.237425454,0.011151013,308.0170925,0.486948903,0.021097173
South 24 Panganas,340.0963819,0.53944358,0.041592248,507.0298095,0.926251744,0.041460067
South District,458.7986237,-0.932103055,0.083433032,682.4724436,-0.964088141,0.040458412
South Garo Hills (Tura),1152.519055,7.853800261,0.311009496,1743.314454,12.19634479,0.316961758
South Goa,1170.344305,4.704218293,0.347281589,1669.909486,6.15390242,0.271197602
South Tripura,431.3212275,0.964031953,0.126776383,642.9705624,1.343443684,0.075712045
South West,187.6170512,0.180274323,0.006460831,302.1412502,0.482556058,0.020799135
Srikakulam,206.8508946,0.254400651,0.037182873,303.1209428,0.176512065,0.004116142
Srinagar,106.8489716,-0.992559107,0.209635246,157.0890163,-1.492114611,0.195425941
Sultanpur,220.8691765,-0.375679262,0.028686467,346.3215946,-0.274396595,0.007429542
Sundargarh,275.8792326,-0.730055984,0.063572952,402.9746676,-1.097468346,0.058453714
Supaul,305.3143529,-0.008057236,1.25E-05,506.2461051,0.407097136,0.009002051
Surat,386.2680248,0.548704114,0.028296861,572.0935758,0.489008209,0.007546264
Surendranagar,167.3149009,-0.084708262,0.000602696,280.140504,0.287608677,0.004558657
Surguja (Ambikapur),255.9526746,-0.914196534,0.144304595,357.8514419,-1.391921051,0.17604016
Tamenglong,242.7393536,0.109914646,0.005906714,344.369269,-0.00995087,1.56E-05
Tawang,425.3047832,0.229716616,0.00479294,642.1835016,0.694476468,0.015886637
Tehri-Garhwal,221.2229953,-1.098140891,0.159520402,329.7086707,-1.608500641,0.171009467
Thane,607.4189312,-0.74414317,0.030528533,933.1353007,-1.758326908,0.043766395
Thanjavur,231.8515881,0.242172911,0.009853413,372.2714193,0.347295023,0.00628621
The Dangs (Ahwa),412.7346475,0.997971938,0.075961049,626.9903031,1.174612908,0.036347918
Theni,165.797831,0.17464492,0.0132513,252.2772476,0.213403415,0.008058843
Thiruvallur,223.2865606,-0.103076791,0.001246949,369.4562453,-0.263375401,0.003195344
Thiruvananthapuram (Triv),239.193516,-0.348209103,0.01938554,371.1145146,-0.30184595,0.005598
Thiruvarur,266.9615791,0.203542735,0.004486269,426.7902068,0.206920328,0.001614838
Thoubal,255.1238422,0.227098964,0.013838738,372.6753588,0.222829041,0.00460761
Tikamgarh,249.451591,-0.274610613,0.00997234,370.3303669,-0.573491121,0.021969156
Tinsukia,405.3733766,-0.964790656,0.046201831,594.4656364,-1.364396893,0.035034902
Tirap,307.6679071,-0.397216824,0.060516297,442.3178089,-0.461376496,0.029789209
Tiruchchirappalli,149.1564752,-0.043813292,0.000825147,222.7297577,-0.129701956,0.002553985
Tirunelveli Kattabomman,144.1399404,-0.113592587,0.004518163,224.6277482,-0.167482985,0.003820857
Tiruvannamalai Sambuvaray,169.1925873,-0.22616906,0.019661022,267.9236781,-0.284082519,0.009982838
Tonk,157.9147695,-0.441723029,0.035917611,260.8971092,-0.449248305,0.016725373
Toothukudi,139.4755867,0.179673491,0.016756586,206.7130937,0.041800968,0.000280577
Trissur (Trichur),435.823194,-1.045558112,0.078082931,640.8746488,-1.971869073,0.113533354
Tuesang,284.0836556,-0.685646137,0.140900236,408.1926287,-0.87223118,0.096387399
Tumkur,115.3721752,-0.054993447,0.002928654,184.3771925,-0.091239961,0.003104037
Udaipur,185.0115995,-0.163748365,0.006377186,296.3343822,-0.106038923,0.001030958
Udhampur,192.8684437,-0.418049285,0.024819465,295.1317392,-0.589781096,0.016712574
Udhamsingh Nagar,292.6519872,-0.725878524,0.06682161,451.41932,-0.683388138,0.032194626
Udupi,1098.154346,1.213389182,0.024489562,1520.414922,0.464168723,0.001373895
Ujjain,255.100076,0.173427763,0.004103209,414.6726148,0.623337457,0.020823621
Ukhrul,233.8912661,-0.048279692,0.00082747,338.3126032,-0.128064712,0.001883034
Umaria,253.732531,-0.836654603,0.09023216,365.7746517,-1.295223804,0.089782517
Una,284.3088497,0.052091477,0.000318477,400.4896033,-0.176940033,0.002323677
Unnao,193.2288175,-0.444219124,0.036329878,283.348506,-0.695317652,0.039393941
Upper Subansiri (Dap.),394.4143117,-2.241383151,0.327380678,531.3639449,-3.436148517,0.315475805
Upper Subansiri (Ziro),460.7068179,-1.358987551,0.153456845,637.5993144,-2.098169219,0.155239785
Uttar Dinajpur,404.0055334,0.007131868,8.25E-06,609.2963175,0.200428649,0.002139469
Uttar Kannad,741.2337985,1.928921198,0.159646622,1070.164768,2.002848309,0.065676944
Uttarkashi,210.8896293,-0.653962788,0.077768247,316.4097678,-0.880521655,0.073397331
Vadodara,258.4712335,-0.254632249,0.007115779,396.6392089,-0.449923904,0.008187529
Vaishali,237.1812678,-0.300783962,0.019095091,359.3703123,-0.406687018,0.013481033
Valsad,572.8588645,0.0187759,1.50E-05,864.275318,-0.824359467,0.008198151
Varanasi,224.090633,-0.392887534,0.04229954,343.8209047,-0.533628987,0.028787839
Vellore,152.9588198,-0.212971287,0.018445391,231.5992854,-0.268910963,0.01222977
Vidisha,304.6201701,-0.066186138,0.000570898,467.2498687,-0.132597121,0.001067631
Viluppuram,172.7598565,-0.284303985,0.018693684,293.3567878,-0.362534602,0.008535552
Virudhunagar,158.376295,0.236604966,0.028663225,239.1819673,0.271133655,0.012067942
Vishakhapatnam,198.4579058,0.130795977,0.00704682,303.5910309,0.300149402,0.010540171
Vizianagaram,205.0019738,0.116514775,0.007982302,293.0432889,0.10273625,0.001902295
W. Garo Hills (Tura),434.9825544,0.139521388,0.00234009,649.6308945,0.307619962,0.004450177
W. Khasi Hills (Nongst.),982.3887928,5.800708622,0.280840448,1511.046638,9.331289077,0.295481796
Warangal,233.0136369,0.153110543,0.005977226,376.1458885,0.596999291,0.035179813
Wardha,225.4537961,-0.367638876,0.041482279,343.3723096,-0.476821197,0.028820179
Washim,200.3204628,-0.049434036,0.000961204,307.386072,0.07997232,0.001068579
Wayanad (Wynad),200.4720243,-4.166072342,0.448872159,280.1149788,-6.959524707,0.472864617
West,190.3983027,0.203900518,0.008080253,301.5593138,0.480196473,0.020990621
West District,358.3718241,-2.046091446,0.326507292,542.2787728,-2.500583268,0.235686291
West Godavari,206.7662372,0.080519216,0.003812085,326.3880263,0.340836929,0.02259861
West Kameng (Bomdila),406.7728596,0.319827488,0.011637039,577.9892707,0.507973747,0.012266547
West Nimar (Khargon),208.9033274,0.136587617,0.00583357,319.8181016,0.317649138,0.014312211
West Siang,495.609315,0.32424245,0.004503364,730.7838275,0.711136604,0.009564265
West Tripura,374.0751795,0.288428931,0.013881586,555.318426,0.540830085,0.01460273
Wokha,267.9794347,-0.508286974,0.100365375,377.3644773,-0.689256541,0.073524658
Yamunanagar,315.2085042,0.244830964,0.005852454,476.2744594,0.383011836,0.006544776
Yanam,193.4655284,0.08615004,0.002470285,293.53611,-0.116703055,0.001155602
Yavatmal,238.9157379,-0.074190767,0.001799279,354.7054284,-0.10896527,0.001431266
Zunheboto,274.8312942,-0.543952597,0.100675472,391.1441095,-0.69789701,0.067175401
